"b'SUGAR Cosmetics Matte As Hell Mini Sets \n \xf0\x9f\x94\xb9 Offer price-\xe2\x82\xb91,099.00\n \xf0\x9f\x94\xb9 MRP-\xe2\x82\xb91,799.00\n \xf0\x9f\x94\xb9 You Save: \xe2\x82\xb9700.00 (39%)\n \xe2\x9c\xa8 Re\xe2\x80\xa6 https://t.co/GkZjsPizeF'"
"b'*Sugar Cosmetics Matte As Hell Mini Sets - Nude at \xe2\x82\xb9934*\n\nApply 15% Coupon\n\nhttps://t.co/IsWXHYs6bO\n\nMRP: \xe2\x82\xb91,799\n.'"
"b'Sugar Cosmetics Matte As Hell Mini Sets - Nude at \xe2\x82\xb9934\n\nApply Coupon\n\nMRP: \xe2\x82\xb91,799\n\n\xf0\x9f\x94\x97 Link : https://t.co/cFS61zc2LD'"
b'\xe2\x9c\x85 SUGAR Cosmetics Matte As Hell Mini Sets \xe2\x80\x93 Nude@934\n\nApply 15% off Coupon\n\nhttps://t.co/vl3ZOnsSzI\n\n\xe2\x9c\x94\xef\xb8\x8f MRP 1799'
"b'Kelp is the most American seaweed.  Grown commercially in Maine and Alaska, not yet in #NH but being explored.  Sug\xe2\x80\xa6 https://t.co/1EBUeKYrNb'"
b'@kaushikmkj Wishing u the same success for Sugar cosmetics in the near future \xf0\x9f\x91\x8d\xf0\x9f\x8f\xbb'
b'Lowest Price Now\nRating:3.9 out of 5\xe2\x9c\xa8\nPrice:\xe2\x82\xb9474.00\xf0\x9f\x8f\xb7\xef\xb8\x8f\nBuy From Amazon\xf0\x9f\x9b\x92:https://t.co/EOPzG2oxGN\n#beauty #make-up&amp;nai\xe2\x80\xa6 https://t.co/vgfBr6SAcJ'
b'Get all the best brands of cosmetics from your online store ODYODY!!! Shop now https://t.co/ekwexT3FBS\xe2\x80\xa6 https://t.co/od4JY6veV7'
b'i\xe2\x80\x99m still on the lookout for sugar mommys to buy me cosmetics\xf0\x9f\x98\xa1 hurry up'
b'@Dazzatheman18 About what a sugar cum fairy looks like? I went a bit crazy with my Huda beauty palette and glisten\xe2\x80\xa6 https://t.co/8U3cb0Ypr0'
b'New Product\nRating:4.3 out of 5\xe2\x9c\xa8\nPrice:\xe2\x82\xb9399.00\xf0\x9f\x8f\xb7\xef\xb8\x8f\nBuy From Amazon\xf0\x9f\x9b\x92:https://t.co/Vnbc3OJ4jo\n#beauty #tools&amp;accessorie\xe2\x80\xa6 https://t.co/iyK1RzjSM4'
"b'Bru the new Sugar Cosmetics nail paint I got only looks good in the bottle, needs 3 coats to be opaque and takes forever to dry. #scammed'"
"b""All skin types need Exfoliation for a healthy glowing look. \nTry L'Or\xc3\xa9al Paris sugar scrubs combined with Nourish C\xe2\x80\xa6 https://t.co/pEUbur08Pk"""
b'We have a new almond milk sugar cookie latte &amp; the syrup smells like the vanilla frosting scent that you find in li\xe2\x80\xa6 https://t.co/fnpDI4bBUp'
b'Sugar Cosmetics at Rs249 \xe2\x80\x93 Buy 2 Get 1\xc2\xa0Free https://t.co/S9FW38ehNy'
"b'@SShabbarZaidi This is no revelation.Pakistan has become paradise for importers since long.Hence,we r wasting our f\xe2\x80\xa6 https://t.co/bmbUDkd5m5'"
b'The heady feeling when someone unused to buying cosmetics grabs a whole bunch of them should be called a SUGAR rush.'
b'New Product\nRating:4.8 out of 5\xe2\x9c\xa8\nPrice:\xe2\x82\xb9599.00\xf0\x9f\x8f\xb7\xef\xb8\x8f\nBuy From Amazon\xf0\x9f\x9b\x92:https://t.co/IElQ0feRo7\n#beauty #tools&amp;accessorie\xe2\x80\xa6 https://t.co/BAmIer2BDP'
"b'HUGE BEAUTY HAUL \xe2\x80\x93 Nykaa, Sugar, Pac Cosmetics\n#beautifulhaul #NykaaVoucher #sugar #cosmetics\xe2\x80\xa6 https://t.co/DLqWNLVzl1'"
b'She\xe2\x80\x99s one dangerous mf if she\xe2\x80\x99s putting sugar scrubs near her coochie \xf0\x9f\xa5\xb4\xf0\x9f\xa4\xa7  Kei Rose Yoni Drip feminine scrubs gently\xe2\x80\xa6 https://t.co/gkEQeT9c4L'
b'SUGAR Cosmetics Else Matter Longwear Lipstick With Premium Matte Finish ... https://t.co/WBOx5SqZQu via @YouTube'
"b'Find out in Episode 4 of Girliyapa &amp; @WhisperIndia Present, INTERNS SEASON 2, Powered By @philipsindia | @trySUGAR\xe2\x80\xa6 https://t.co/X72tHd3K46'"
b'@PopCrave @ArianaGrande I just know demi is gonna start throwing a tantrum when they finds out the cosmetics are sugar free'
b'@losinglbsx you can just make a sugar scrub at home they\xe2\x80\x99re super easy! or buy from Elf cosmetics/lush'
b'Lowest Price Now\nRating:4.4 out of 5\xe2\x9c\xa8\nPrice:\xe2\x82\xb9999.00\xf0\x9f\x8f\xb7\xef\xb8\x8f\nBuy From Amazon\xf0\x9f\x9b\x92:https://t.co/R2Si7cTxQq\n#beauty #make-up&amp;nai\xe2\x80\xa6 https://t.co/0UXAUlHZOl'
b'DIWALI MAKEUP WITH SUGAR COSMETICS II #giftaSugarCosmetics https://t.co/JsJys6RBsS @trySUGAR https://t.co/JyfpTDiDd4'
b'New Fashion In @Amazon\nRating:3.9 out of 5\xe2\x9c\xa8\nPrice:\xe2\x82\xb9474.00\xf0\x9f\x8f\xb7\xef\xb8\x8f\nBuy From Amazon\xf0\x9f\x9b\x92:https://t.co/EOPzG2oxGN\n#beauty #make-\xe2\x80\xa6 https://t.co/gq43oQyIkO'
b'NEW! \xf0\x9f\x8c\xb8\xf0\x9f\x8e\x80\xe2\x9c\xa8 Introducing our limited edition #HelloKitty Lovely Luxury Spa Set! Cherry Blossom scented + Limited Editio\xe2\x80\xa6 https://t.co/uhsuZ0kc3T'
b'New post (How To Create An Indian Festive Look | Festive Makeup Tutorial | #shorts | SUGAR Cosmetics) has been publ\xe2\x80\xa6 https://t.co/iGqALzubOF'
b'New Product\nRating:3.9 out of 5\xe2\x9c\xa8\nPrice:All Time Low\xf0\x9f\x8f\xb7\xef\xb8\x8f\nBuy From Amazon\xf0\x9f\x9b\x92:https://t.co/Hif5SxWqfJ\n#beauty #make-up&amp;nai\xe2\x80\xa6 https://t.co/w7mvxZRJQj'
"b""I am in love with sugar cosmetics. Just in case if you're wondering what to gift me."""
"b'Nykaa, Sugar Cosmetics and many more owes a lot to all females who are insecure about their looks. Only because of\xe2\x80\xa6 https://t.co/igWrBVGe5O'"
b'Hey! I have got some awesome news for you! Use this link to get 50% off on your first order via the SUGAR Cosmetics\xe2\x80\xa6 https://t.co/zzHSjnZH2Z'
b'New Product\nRating:3.9 out of 5\xe2\x9c\xa8\nPrice:All Time Low\xf0\x9f\x8f\xb7\xef\xb8\x8f\nBuy From Amazon\xf0\x9f\x9b\x92:https://t.co/Hif5SxWqfJ\n#beauty #make-up&amp;nai\xe2\x80\xa6 https://t.co/z9Y4LV0itB'
"b'Omg, can I get a sugar daddy already, I need me these new cosmetics \xf0\x9f\xa5\xb4'"
b'New Product\nRating:4.3 out of 5\xe2\x9c\xa8\nPrice:\xe2\x82\xb9399.00\xf0\x9f\x8f\xb7\xef\xb8\x8f\nBuy From Amazon\xf0\x9f\x9b\x92:https://t.co/Vnbc3OJ4jo\n#beauty #tools&amp;accessorie\xe2\x80\xa6 https://t.co/2DzdfsdAfc'
b'New Product\nRating:4.8 out of 5\xe2\x9c\xa8\nPrice:\xe2\x82\xb9599.00\xf0\x9f\x8f\xb7\xef\xb8\x8f\nBuy From Amazon\xf0\x9f\x9b\x92:https://t.co/IElQ0feRo7\n#beauty #tools&amp;accessorie\xe2\x80\xa6 https://t.co/McVQEig2vp'
b'@trySUGAR worst experience I have with Sugar Cosmetics as whenever I ordered something it always takes a lot time..\xe2\x80\xa6 https://t.co/6JRONbYeNp'
"b'SUGAR Cosmetics Matte As Hell Mini Sets \n \xf0\x9f\x94\xb9 Offer price-\xe2\x82\xb91,099.00\n \xf0\x9f\x94\xb9 MRP-\xe2\x82\xb91,799.00\n \xf0\x9f\x94\xb9 You Save: \xe2\x82\xb9700.00 (39%)\n \xe2\x9c\xa8 Re\xe2\x80\xa6 https://t.co/GkZjsPizeF'"
"b'*Sugar Cosmetics Matte As Hell Mini Sets - Nude at \xe2\x82\xb9934*\n\nApply 15% Coupon\n\nhttps://t.co/IsWXHYs6bO\n\nMRP: \xe2\x82\xb91,799\n.'"
"b'Sugar Cosmetics Matte As Hell Mini Sets - Nude at \xe2\x82\xb9934\n\nApply Coupon\n\nMRP: \xe2\x82\xb91,799\n\n\xf0\x9f\x94\x97 Link : https://t.co/cFS61zc2LD'"
b'\xe2\x9c\x85 SUGAR Cosmetics Matte As Hell Mini Sets \xe2\x80\x93 Nude@934\n\nApply 15% off Coupon\n\nhttps://t.co/vl3ZOnsSzI\n\n\xe2\x9c\x94\xef\xb8\x8f MRP 1799'
"b'Kelp is the most American seaweed.  Grown commercially in Maine and Alaska, not yet in #NH but being explored.  Sug\xe2\x80\xa6 https://t.co/1EBUeKYrNb'"
b'@kaushikmkj Wishing u the same success for Sugar cosmetics in the near future \xf0\x9f\x91\x8d\xf0\x9f\x8f\xbb'
b'Lowest Price Now\nRating:3.9 out of 5\xe2\x9c\xa8\nPrice:\xe2\x82\xb9474.00\xf0\x9f\x8f\xb7\xef\xb8\x8f\nBuy From Amazon\xf0\x9f\x9b\x92:https://t.co/EOPzG2oxGN\n#beauty #make-up&amp;nai\xe2\x80\xa6 https://t.co/vgfBr6SAcJ'
b'Get all the best brands of cosmetics from your online store ODYODY!!! Shop now https://t.co/ekwexT3FBS\xe2\x80\xa6 https://t.co/od4JY6veV7'
b'i\xe2\x80\x99m still on the lookout for sugar mommys to buy me cosmetics\xf0\x9f\x98\xa1 hurry up'
b'@Dazzatheman18 About what a sugar cum fairy looks like? I went a bit crazy with my Huda beauty palette and glisten\xe2\x80\xa6 https://t.co/8U3cb0Ypr0'
b'New Product\nRating:4.3 out of 5\xe2\x9c\xa8\nPrice:\xe2\x82\xb9399.00\xf0\x9f\x8f\xb7\xef\xb8\x8f\nBuy From Amazon\xf0\x9f\x9b\x92:https://t.co/Vnbc3OJ4jo\n#beauty #tools&amp;accessorie\xe2\x80\xa6 https://t.co/iyK1RzjSM4'
"b'Bru the new Sugar Cosmetics nail paint I got only looks good in the bottle, needs 3 coats to be opaque and takes forever to dry. #scammed'"
"b""All skin types need Exfoliation for a healthy glowing look. \nTry L'Or\xc3\xa9al Paris sugar scrubs combined with Nourish C\xe2\x80\xa6 https://t.co/pEUbur08Pk"""
b'We have a new almond milk sugar cookie latte &amp; the syrup smells like the vanilla frosting scent that you find in li\xe2\x80\xa6 https://t.co/fnpDI4bBUp'
b'Sugar Cosmetics at Rs249 \xe2\x80\x93 Buy 2 Get 1\xc2\xa0Free https://t.co/S9FW38ehNy'
"b'@SShabbarZaidi This is no revelation.Pakistan has become paradise for importers since long.Hence,we r wasting our f\xe2\x80\xa6 https://t.co/bmbUDkd5m5'"
b'The heady feeling when someone unused to buying cosmetics grabs a whole bunch of them should be called a SUGAR rush.'
b'New Product\nRating:4.8 out of 5\xe2\x9c\xa8\nPrice:\xe2\x82\xb9599.00\xf0\x9f\x8f\xb7\xef\xb8\x8f\nBuy From Amazon\xf0\x9f\x9b\x92:https://t.co/IElQ0feRo7\n#beauty #tools&amp;accessorie\xe2\x80\xa6 https://t.co/BAmIer2BDP'
"b'HUGE BEAUTY HAUL \xe2\x80\x93 Nykaa, Sugar, Pac Cosmetics\n#beautifulhaul #NykaaVoucher #sugar #cosmetics\xe2\x80\xa6 https://t.co/DLqWNLVzl1'"
b'She\xe2\x80\x99s one dangerous mf if she\xe2\x80\x99s putting sugar scrubs near her coochie \xf0\x9f\xa5\xb4\xf0\x9f\xa4\xa7  Kei Rose Yoni Drip feminine scrubs gently\xe2\x80\xa6 https://t.co/gkEQeT9c4L'
b'SUGAR Cosmetics Else Matter Longwear Lipstick With Premium Matte Finish ... https://t.co/WBOx5SqZQu via @YouTube'
"b'Find out in Episode 4 of Girliyapa &amp; @WhisperIndia Present, INTERNS SEASON 2, Powered By @philipsindia | @trySUGAR\xe2\x80\xa6 https://t.co/X72tHd3K46'"
b'@PopCrave @ArianaGrande I just know demi is gonna start throwing a tantrum when they finds out the cosmetics are sugar free'
b'@losinglbsx you can just make a sugar scrub at home they\xe2\x80\x99re super easy! or buy from Elf cosmetics/lush'
b'Lowest Price Now\nRating:4.4 out of 5\xe2\x9c\xa8\nPrice:\xe2\x82\xb9999.00\xf0\x9f\x8f\xb7\xef\xb8\x8f\nBuy From Amazon\xf0\x9f\x9b\x92:https://t.co/R2Si7cTxQq\n#beauty #make-up&amp;nai\xe2\x80\xa6 https://t.co/0UXAUlHZOl'
b'DIWALI MAKEUP WITH SUGAR COSMETICS II #giftaSugarCosmetics https://t.co/JsJys6RBsS @trySUGAR https://t.co/JyfpTDiDd4'
b'New Fashion In @Amazon\nRating:3.9 out of 5\xe2\x9c\xa8\nPrice:\xe2\x82\xb9474.00\xf0\x9f\x8f\xb7\xef\xb8\x8f\nBuy From Amazon\xf0\x9f\x9b\x92:https://t.co/EOPzG2oxGN\n#beauty #make-\xe2\x80\xa6 https://t.co/gq43oQyIkO'
b'NEW! \xf0\x9f\x8c\xb8\xf0\x9f\x8e\x80\xe2\x9c\xa8 Introducing our limited edition #HelloKitty Lovely Luxury Spa Set! Cherry Blossom scented + Limited Editio\xe2\x80\xa6 https://t.co/uhsuZ0kc3T'
b'New post (How To Create An Indian Festive Look | Festive Makeup Tutorial | #shorts | SUGAR Cosmetics) has been publ\xe2\x80\xa6 https://t.co/iGqALzubOF'
b'New Product\nRating:3.9 out of 5\xe2\x9c\xa8\nPrice:All Time Low\xf0\x9f\x8f\xb7\xef\xb8\x8f\nBuy From Amazon\xf0\x9f\x9b\x92:https://t.co/Hif5SxWqfJ\n#beauty #make-up&amp;nai\xe2\x80\xa6 https://t.co/w7mvxZRJQj'
"b""I am in love with sugar cosmetics. Just in case if you're wondering what to gift me."""
"b'Nykaa, Sugar Cosmetics and many more owes a lot to all females who are insecure about their looks. Only because of\xe2\x80\xa6 https://t.co/igWrBVGe5O'"
b'Hey! I have got some awesome news for you! Use this link to get 50% off on your first order via the SUGAR Cosmetics\xe2\x80\xa6 https://t.co/zzHSjnZH2Z'
b'New Product\nRating:3.9 out of 5\xe2\x9c\xa8\nPrice:All Time Low\xf0\x9f\x8f\xb7\xef\xb8\x8f\nBuy From Amazon\xf0\x9f\x9b\x92:https://t.co/Hif5SxWqfJ\n#beauty #make-up&amp;nai\xe2\x80\xa6 https://t.co/z9Y4LV0itB'
"b'Omg, can I get a sugar daddy already, I need me these new cosmetics \xf0\x9f\xa5\xb4'"
b'New Product\nRating:4.3 out of 5\xe2\x9c\xa8\nPrice:\xe2\x82\xb9399.00\xf0\x9f\x8f\xb7\xef\xb8\x8f\nBuy From Amazon\xf0\x9f\x9b\x92:https://t.co/Vnbc3OJ4jo\n#beauty #tools&amp;accessorie\xe2\x80\xa6 https://t.co/2DzdfsdAfc'
b'New Product\nRating:4.8 out of 5\xe2\x9c\xa8\nPrice:\xe2\x82\xb9599.00\xf0\x9f\x8f\xb7\xef\xb8\x8f\nBuy From Amazon\xf0\x9f\x9b\x92:https://t.co/IElQ0feRo7\n#beauty #tools&amp;accessorie\xe2\x80\xa6 https://t.co/McVQEig2vp'
b'@trySUGAR worst experience I have with Sugar Cosmetics as whenever I ordered something it always takes a lot time..\xe2\x80\xa6 https://t.co/6JRONbYeNp'
b'@trySUGAR It was really helpful taking to you.'
b'@trySUGAR i have placed a order on 27oct but still now i havnt received my parcel my delivery date was 5th November\xe2\x80\xa6 https://t.co/HvrycNQZul'
"b""@shilpasmani We know how it feels and that's definitely not where we want you to be. There are surely more shades t\xe2\x80\xa6 https://t.co/8031RkepP4"""
b'@Abi_Harini Hey Abinaya! Our apologies for the trouble and thank you for speaking with us. Hope we could assist you\xe2\x80\xa6 https://t.co/orKcsmnmkW'
b'@trySUGAR Please check your DM.'
b'Still searching for the right nude colour?\xf0\x9f\x92\x84\nHere\xe2\x80\x99s an ideal nude lipstick guide for every skin tone.\xf0\x9f\x92\x8b\xe2\x9d\xa4\xef\xb8\x8f\n\n#TrySUGAR\xe2\x80\xa6 https://t.co/AigcXxC9EG'
"b'@trySUGAR where can I get the ""Six feet umber"" shade of your lipstick range? It\'s my single most favourite shade in\xe2\x80\xa6 https://t.co/EtDB3O87oq'"
"b'@trySUGAR Hello Team,\nShared the mail id and screenshot. Kindly check DM'"
"b'@trySUGAR Hello Team,\nDM ed mail id and screenshot'"
b'@panav_khurana Hey Panav! Apologies for the inconvenience caused. We hope your query was addressed after speaking t\xe2\x80\xa6 https://t.co/8zAjA4PtzW'
"b'@AindrilaBanerj6 Hey Aindrila! Your order is already confirmed today. Rest assured, we will share the tracking deta\xe2\x80\xa6 https://t.co/s4M6OONE64'"
"b'@trySUGAR yah, got the mail but still waiting for receiving it at well actually @trySUGAR'"
"b'@AindrilaBanerj6 Hey Aindrila! We have already responded to your query via DM, please check for further details.'"
b'@JacinthaMoraes Hey Jacintha! Thank you for sharing the details and taking the time to speak with us over the phone\xe2\x80\xa6 https://t.co/bHUMup9nxJ'
b'@trySUGAR Product received is defective. Received 1 week back. Disappointed with the Customer Support Service. No r\xe2\x80\xa6 https://t.co/PNAWNPFfjN'
b'\xf0\x9f\xa4\xa9NEW PRODUCT DROP!\xf0\x9f\xa4\xa9\nWatch Double Date Extreme Volume Mascara Duo in action as it lifts &amp; lengthens lashes for EXTRE\xe2\x80\xa6 https://t.co/eEDYPx4ifV'
b'@trySUGAR Done\n\n#Diwali #Contest\n@trySUGAR\n\n@vipingamer12\n@starvingout\n@sabanix\n@princessnehh\n@mumbaidexter'
"b""@trySUGAR it's done already. but my problem is stil not solved from your side. really disappointing. not expected from you @trySUGAR"""
"b'@trySUGAR Dear Sugu,\nI wrote the same &amp; sent pics in ur app I also called 3 of ur nos. No one answers First time I\xe2\x80\xa6 https://t.co/vhXEGbmKQh'"
b'@JacinthaMoraes Hey Jacintha! We really regret the inconvenience you had to face. Request you to please share the p\xe2\x80\xa6 https://t.co/8tEwhBl8Jl'
"b'@ShreyaD21632388 Hey Shreya! Your order is already out for delivery. Rest assured, it will be delivered to your doorstep very soon!'"
"b""@AindrilaBanerj6 @AindrilaBanerj6 Hey Aindrila! That shouldn't have happened and we will surely get this fixed. Req\xe2\x80\xa6 https://t.co/t7AdnrBc7O"""
b'@Abi_Harini Hey Abinaya! We are on our toes to get this fixed. Request you to please DM us your registered email ID\xe2\x80\xa6 https://t.co/p4UD8P8m8a'
b'@Abi_Harini Hey Abinaya! Regret any inconvenience caused and we will surely get this fixed. Request you to please D\xe2\x80\xa6 https://t.co/X7sLfzH6GN'
b'@trySUGAR Congratulations sugar\xf0\x9f\x8e\x89\xf0\x9f\xa5\xb3for new launch \xf0\x9f\x98\x8d\xe2\x9d\xa3\xef\xb8\x8f excited for this\xf0\x9f\x98\x8d I will definitely try it\xf0\x9f\x98\x8d\xe2\x9d\xa3\xef\xb8\x8fsugar products alw\xe2\x80\xa6 https://t.co/3g8aImq3hd'
"b'\xf0\x9f\x9a\xa8 New launch alert \xf0\x9f\x9a\xa8\n\nIntroducing the Double Date Extreme Volume Mascara! \xf0\x9f\x98\x8dIt gives you super-defined, dramatic eye\xe2\x80\xa6 https://t.co/00qmjkssQl'"
"b'@trySUGAR \nDear Sugu,\nYou have done it again ,\nIt is a constant pain,\nReturn u sent,\nWithout any Q T imminent,\nI am\xe2\x80\xa6 https://t.co/EMEIYzUtRP'"
"b'@trySUGAR deduct my money three days ago, still my order is confirmed and they not answering my call. is this your\xe2\x80\xa6 https://t.co/3hqwr1MEPg'"
b'@____swati___ @MyNykaa @trySUGAR @baggitworld And led by women!'
"b'@trySUGAR Hello sugar team, please respond to my query. I am posting in Twitter for second day and still my amount\xe2\x80\xa6 https://t.co/1LAGrzjYiC'"
b'@trySUGAR @MenwalSingh Done\xf0\x9f\xa4\x9e\xf0\x9f\xa4\x9e\n\n#Diwali #Giveaways #GiveawayAlert #ContestAlert #Contest @trySUGAR\nTag\n@menwal68\xe2\x80\xa6 https://t.co/YmQxzwj2UE'
b'@trySUGAR Guy follow and win SUGAR goodies worth INR 1K\n\n#Giveaways #GiveawayAlert #ContestAlert #Contest #Diwali\xe2\x80\xa6 https://t.co/SpZA6BQ7ml'
b'The incredible success of D2C brands like @MyNykaa @trySUGAR and @baggitworld with ONLY WOMEN as their consumers gi\xe2\x80\xa6 https://t.co/jxmbkZ5cIl'
"b""@trySUGAR Hiii sugar team I ordered a product on 3rd Nov and still I haven't received my order..."""
b'@trySUGAR Done @trySUGAR \n#Giveaways \n#GiveawayAlert #ContestAlert #ContestAlert \n Join \n@SingerUsha09\xe2\x80\xa6 https://t.co/NwlTnlHCLa'
b'@trySUGAR @TheDataAnalyser Done\xf0\x9f\xa4\x9e\xf0\x9f\xa4\x9e\n\n#Diwali #Giveaways #GiveawayAlert #ContestAlert #Contest @trySUGAR\nTag\n@menwal68\xe2\x80\xa6 https://t.co/yWQlr9z9w0'
b'@trySUGAR I have tried to place my order on oct-30 and amount is debited. But it is not showing in orders page.I ev\xe2\x80\xa6 https://t.co/bJL7eAim4Y'
b'@trySUGAR Thank you sugar \xe2\x9d\xa3\xef\xb8\x8f'
b'The mantra we live by! \xe2\x9c\xa8\xf0\x9f\x92\xad\n\nReceive SUGAR Born to Wing Gel Eyeliner in the shade of your choice this month! \n\nBookin\xe2\x80\xa6 https://t.co/QQLDYELfyh'
b'@Ashwini_J_J Hey Ashwini! Apologies for the inconvenience caused. It was a pleasure speaking to you over the phone.\xe2\x80\xa6 https://t.co/9V45Rg59Ez'
b'Your ultimate beginners guide to choose right brushes for the right application\xe2\x9c\xa8\n\n#TrySUGAR #SUGARCosmetics\xe2\x80\xa6 https://t.co/aV71HCNeMN'
"b'3/ @mamaearthindia, @ozivanutrition, @i_am_caffeine, @trySUGAR, and a slew of other digital-first personal care bra\xe2\x80\xa6 https://t.co/jiFcdnQRbC'"
b'@kaushikmkj @trySUGAR Are you saying this was not a product placement?'
b'@kaushikmkj @trySUGAR We are lucky \xe2\x98\xba\xef\xb8\x8f'
b'@trySUGAR All Steps done.\n\nJoin:\n@ShitalASawant\n@itsPriynkaM\n@UtkSrvstv\n\n#Diwali @trySUGAR\n#Giveaways\xe2\x80\xa6 https://t.co/ljnjaO8mLj'
b'@TheCapitalQuest @livspace @trySUGAR @redcliffelab #Livpsace if fraud organization of complete unprofessional peopl\xe2\x80\xa6 https://t.co/Wo6alCcVsC'
b'@trySUGAR Thank you sugar for this tips \xe2\x9d\xa3\xef\xb8\x8f I it ver helpful for me \xf0\x9f\x98\x8d\xe2\x9d\xa4\xef\xb8\x8f keep it up \xe2\x9d\xa4\xef\xb8\x8f keep growing sugar \xf0\x9f\x92\x96 lotsvof love sugar\xe2\x9d\xa3\xef\xb8\x8f'
b'Easy &amp; effortless makeup application guide! \xf0\x9f\x98\x8d\n\n#TrySUGAR #SUGARCosmetics #LearnWithSUGAR #MakeupTips #MakeupHacks https://t.co/oRijFWX66v'
b'@trySUGAR Done\n\n@trySUGAR \n#Diwali #Giveaways #GiveawayAlert #ContestAlert #Contest\n\nJoin\nTagging\n@VedikaKumari11 @SunitaDas0 @Udaydas004'
b'@trySUGAR DONE \xe2\x9c\x85\n\nWish to win \xf0\x9f\xa4\x9e\xe2\x9d\xa4\xef\xb8\x8f\n\n@trySUGAR \n#Diwali #Giveaways #GiveawayAlert #ContestAlert #Contest\n\nJoin:-\xe2\x80\xa6 https://t.co/AwVZ8rbi51'
"b'@trySUGAR All Steps done.\n\nFriends, please participate in this exciting giveaway.\n\n@itsPriynkaM \n@Sheetal155\xe2\x80\xa6 https://t.co/6aBIq7fBvh'"
b'@trySUGAR Done @trySUGAR \n#Giveaways \n#GiveawayAlert #ContestAlert #ContestAlert \n\nJoin \n@Smiley_Bharati @SJ_0016\xe2\x80\xa6 https://t.co/DuLAWmNAvM'
b'@Vivalui1 @elfcosmetics @TooFaced @MACcosmetics @KikoMilanoINT @PACCosmetics @trySUGAR Thank youuu\xf0\x9f\xa5\x80\xf0\x9f\x98\x9a'
b'@driestmua @elfcosmetics @TooFaced @MACcosmetics @KikoMilanoINT @PACCosmetics @trySUGAR Thank youuu\xf0\x9f\xa5\x80\xf0\x9f\x98\x9a'
b'@lilymmua @elfcosmetics @TooFaced @MACcosmetics @KikoMilanoINT @PACCosmetics @trySUGAR Thank youuu\xf0\x9f\xa5\x80\xf0\x9f\x98\x9a'
b'@trySUGAR Omg this amazing. Done the steps.   @trySUGAR #GiveawayAlert #Giveaways #Diwali \n\nJoin @Simple_Silyy\xe2\x80\xa6 https://t.co/KdG2yEbO06'
b'@trySUGAR Done @trySUGAR #GiveawayAlert #Giveaways #Diwali \n\nJoin @Abhijit17638335 @DebalinaChatt17 @RaySayani123\xe2\x80\xa6 https://t.co/TvnyteX86b'
b'@Jyothi_sunshine @trySUGAR @Gayathrimohan_ @BhavikaRajaswan @beingAsif_1 @satyapaljain_86 @deveshri1989 Thanks\xf0\x9f\x99\x8f'
b'@trySUGAR my order was placed on 1st Nov not yet delivered. Your service has dropped pathetically. I wanna know the\xe2\x80\xa6 https://t.co/aiozJ139I8'
b'@trySUGAR Done. \nThanks for making #Diwali brighter by such a beautiful giveaway \xf0\x9f\x98\x8d\n\n#Diwali #HappyDeepavali\xe2\x80\xa6 https://t.co/FuHDeaN5QN'
b'@trySUGAR All Steps done ...\xf0\x9f\x98\x8d\n\nFollowing on all social media platform ...\xe2\x9c\x85\n\n#Diwali \n@trySUGAR\n#Giveaways\xe2\x80\xa6 https://t.co/7PSmNSEMyD'
b'@trySUGAR All Steps done.\n\nJoin:\n@RajeshHegdeBlr\n@pank_10\n@GopiDevi11\n@Dinesh_the_star\n@cool_bindra\n\n#Diwali\xe2\x80\xa6 https://t.co/6vSgSZHoAv'
b'@trySUGAR #Diwali #Giveaways #GiveawayAlert #ContestAlert #Contest @trySUGAR Fingers crossed \xf0\x9f\xa4\x9e\n@Sheetal155  \n@soniyaaajain \n@VaishaliMaisur2'
b'@trySUGAR All Steps done.\n\nJoin:\n@ShitalASawant\n@itsReemaB\n@Soumyyyya\n\n#Diwali @trySUGAR\n#Giveaways #GiveawayAlert\xe2\x80\xa6 https://t.co/4yPHFq2baJ'
b'@trySUGAR My order ID - 1168686 placed on 01st November not yet delivered.... What is taking it so long..... Need a reply asap.'
b'@trySUGAR Done\xe2\x9d\xa4\xef\xb8\x8f\xe2\x9c\x85\n\n#Diwali #Giveaways #GiveawayAlert #ContestAlert #Contest @trySUGAR\n\nThankyou for this Amazing Co\xe2\x80\xa6 https://t.co/HGMSxPLx9t'
b'@trySUGAR Hurry Friends follow and win SUGAR goodies worth INR 1K\n\n#Giveaways #GiveawayAlert #ContestAlert #Contest\xe2\x80\xa6 https://t.co/8cr0jPDtuL'
b'@trySUGAR Hurry Friends follow and win SUGAR goodies worth INR 1K\n\n#Giveaways #GiveawayAlert #ContestAlert #Contest\xe2\x80\xa6 https://t.co/1u7b7LkdzQ'
b'@trySUGAR Hurry Friends follow and win SUGAR goodies worth INR 1K\n\n#Giveaways #GiveawayAlert #ContestAlert #Contest\xe2\x80\xa6 https://t.co/Zzw7t3mRel'
b'@trySUGAR Hurry Friends follow and win SUGAR goodies worth INR 1K\n\n#Giveaways #GiveawayAlert #ContestAlert #Contest\xe2\x80\xa6 https://t.co/BIqG2rAUT6'
b'@trySUGAR Done\xf0\x9f\xa4\x9e\xf0\x9f\xa4\x9e\n\n#Diwali #Giveaways #GiveawayAlert #ContestAlert #Contest @trySUGAR\nJoin\n@kusumsolanki17\n@abha_mishra19 \n@KDivya18740584'
b'@trySUGAR Done @trySUGAR \n#Giveaways \n#GiveawayAlert #ContestAlert #ContestAlert \njoin\n@Chhayadhamecha\xe2\x80\xa6 https://t.co/Br7xkZGFRI'
b'@trySUGAR Follow and win SUGAR Goodies My Friends..\xf0\x9f\xaa\x94\xf0\x9f\xaa\x94\n\n#Giveaways #GiveawayAlert #ContestAlert #Contest #Diwali\xe2\x80\xa6 https://t.co/XxMxhoMn9h'
"b'@trySUGAR All Steps done, team \n@Gayathrimohan_ \n@BhavikaRajaswan \n@beingAsif_1 \n@satyapaljain_86 \n@deveshri1989\xe2\x80\xa6 https://t.co/eYIQF2fYDl'"
b'@trySUGAR First like and comment \xf0\x9f\x98\x8d thank you sugar for this tips \xe2\x9d\xa3\xef\xb8\x8fkeep it up \xe2\x9d\xa4\xef\xb8\x8f keep growing sugar \xf0\x9f\x92\x96 lots of love sugar team \xe2\x9d\xa3\xef\xb8\x8f'
b'Follow the right order to get the perfect makeup look \xf0\x9f\x98\x8d\n.\n#TrySUGAR #SUGARCosmetics #LearnWithSUGAR\xe2\x80\xa6 https://t.co/TkVlHr5dS4'
b'@trySUGAR @Jojo004687 \n@FaniAnggelina \n@EsBee111 \n\nDone'
b'@trySUGAR Done all steps\n@trySUGAR\nJoin\n@Meenakshi0004 \n@khambaty_rehana\n@MrRajput2212 \n@blessedkamal\n@banashree007\xe2\x80\xa6 https://t.co/oNgf5hSqKw'
b'@trySUGAR Done. \n\nJoin in guys. \n@Aishhwaryaa1 \n@Fierce_Fairy__ \n@Priyankamona19'
b'@trySUGAR Done \n\n#Diwali\n@trySUGAR\n\nJoin \n\n@Tuaa74 \n@Harman550 \n@Nandinikuma13 \n\nHope to win \xf0\x9f\xa4\x9e'
b'@trySUGAR All done !! @trySUGAR \xf0\x9f\x92\x8e\n\nTagging: @Kinjal__01 @Navyavegi @Sheetal155 @itsPriynkaM  @KhushMalhotra'
b'@trySUGAR Done \n\n#Diwali #Contest #GiveawayAlert #ContestAlert \n@trySUGAR\n\nJoin \n\n@GoldQueenie4 @kunnuparihar\xe2\x80\xa6 https://t.co/y94gjRGtQH'
b'@trySUGAR Following all done @trySUGAR \n\n#Diwali @trySUGAR\n#Giveaways #GiveawayAlert #ContestAlert #Contest\n\nTag\xe2\x80\xa6 https://t.co/RO0WWIu5RW'
b'@trySUGAR Sounds Awesome!\n@nishaj31 @priyalpoddar @Yellowpetals \n#Diwali #Giveaways #GiveawayAlert #ContestAlert #Contest'
b'@trySUGAR Done\n\xf0\x9f\xaa\x94\xf0\x9f\xaa\x94\n#Diwali #Giveaways #GiveawayAlert #ContestAlert #Contest \n@trySUGAR\nTag \n@SucharitaS1990\xe2\x80\xa6 https://t.co/TOoL3j3aNi'
b'@trySUGAR Done\xe2\x9d\xa4\xef\xb8\x8f\xe2\x9c\x85\n\n#Diwali #Giveaways #GiveawayAlert #ContestAlert #Contest @trySUGAR\nJoin\n@itspalak18 @Smiley_Bharati\n@abha_mishra19'
b'@trySUGAR All steps done team @trySUGAR \xe2\x9c\x8c\xef\xb8\x8f\n\n#Diwali\n#Giveaways\n#GiveawayAlert\n#ContestAlert #Contest\n@trySUGAR\n\nMy\xe2\x80\xa6 https://t.co/q2pznX7tHA'
b'@trySUGAR Fingers crossed \xf0\x9f\xa4\x9e\xf0\x9f\xa4\x9e\xf0\x9f\xa4\x9e\nWish to be one of the lucky this time.\n#Diwali\n@Iam_madhu6 \n@Nirmla03 \n@manjukhanouri https://t.co/Muvh8n5HF4'
b'@trySUGAR Super wish to win this time\n#Diwali\n@Iam_madhu6 \n@Nirmla03 \n@manjukhanouri https://t.co/kOjTuOKTFy'
b'@trySUGAR Supee excited \xe2\x98\xba\xef\xb8\x8f\xe2\x98\xba\xef\xb8\x8f\xe2\x98\xba\xef\xb8\x8f\n#Diwali\n@Iam_madhu6 \n@Nirmla03 \n@manjukhanouri https://t.co/NNKiBtH0Xj'
b'@trySUGAR All done \xf0\x9f\xa4\x97\n\n#Diwali\n#Giveaways #GiveawayAlert\n#ContestAlert #Contest\n@trySUGAR\nJoin Guys\n@NameisPMG\n@gawandesam1\n@_Ankit16'
b'@trySUGAR Done\xf0\x9f\xa4\x9e\xf0\x9f\xa4\x9e\n\n#Diwali #Giveaways #GiveawayAlert #ContestAlert #Contest @trySUGAR\nJoin\n@kusumsolanki17\n@abha_mishra19 \n@KDivya18740584'
b'@trySUGAR follow and win SUGAR goodies \xf0\x9f\x91\x8d\xf0\x9f\xaa\x94\n\n#Giveaways #GiveawayAlert #ContestAlert #Contest #Diwali  \njoin\xe2\x80\xa6 https://t.co/vbzp4sIjqP'
b'@trySUGAR follow and win SUGAR goodies \xf0\x9f\x91\x8d\xf0\x9f\xaa\x94\n\n#Giveaways #GiveawayAlert #ContestAlert #Contest #Diwali  \nJoin\xe2\x80\xa6 https://t.co/MoW9jFwXcC'
b'@trySUGAR Count me in! Really awesome giveaway!\n@FirePlank\n@harry_john69\n@oliviataters'
b'@Ansh12265710 @elfcosmetics @TooFaced @MACcosmetics @KikoMilanoINT @PACCosmetics @trySUGAR Amazing look. \xf0\x9f\xa4\x97\xf0\x9f\xa4\x97'
b'@trySUGAR @NiharikaMajumd4 \n@itsPriynkaM \n@VaishaliMaisur2 \n\nGuys Join in now'
b'@trySUGAR All Steps done team \xe2\x9d\xa4\xef\xb8\x8f\xe2\x9d\xa4\xef\xb8\x8f\n\nBig wish to win \xf0\x9f\xa4\x9e\xf0\x9f\xa4\x9e\xf0\x9f\xa4\x9e\n\n@Lokesh_jhaa\n@Tuaa74\n@cuteushakumari\n\n#Diwali\n@trySUGAR\xe2\x80\xa6 https://t.co/aQDCojHDbV'
b'@trySUGAR Happy Diwali \xf0\x9f\x8e\x87\xf0\x9f\xaa\x94dear @trySUGAR \nFollowed with all steps\xe2\x9c\x94\xef\xb8\x8f\nBiggest wish to win with you dear team\xe2\x9d\xa4\xef\xb8\x8f\xf0\x9f\xa4\x9e\xe2\x80\xa6 https://t.co/yVX2vBxrXd'
b'@Ansh12265710 @elfcosmetics @TooFaced @MACcosmetics @KikoMilanoINT @PACCosmetics @trySUGAR Beautiful \xf0\x9f\x98\x8d'
b'@trySUGAR All steps don my dear team \n\nWish to win \n\n#Diwali  @trySUGAR\n#Giveaways #GiveawayAlert #ContestAlert\xe2\x80\xa6 https://t.co/cpPahcfoE8'
b'@trySUGAR What an amazing way to BRIGHTEN UP our diwali!\n@FingersIndia\n\n#Giveaways #GiveawayAlert #ContestAlert\xe2\x80\xa6 https://t.co/s1pPbjpw0Y'
b'@trySUGAR What an amazing way to BRIGHTEN UP our diwali!\nTagging my gal pals to join in on the fun!\xe2\x80\xa6 https://t.co/jVSHdh3Gac'
b'@trySUGAR Done\n\n#Diwali #Giveaways #GiveawayAlert #ContestAlert #Contest @trySUGAR\nJoin\n@blessedkamal\xe2\x80\xa6 https://t.co/AtoDyHsFXE'
"b'@trySUGAR All Steps done.\n\nFriends, do participate in this\n\n#Diwali\xc2\xa0 @trySUGAR\n#Giveaways #GiveawayAlert\xe2\x80\xa6 https://t.co/zf3xZLdb2t'"
b'@trySUGAR Done @trySUGAR \n#Giveaways \n#GiveawayAlert #ContestAlert #ContestAlert \njoin\n@Desimasti786\xe2\x80\xa6 https://t.co/BBwJ6jphfr'
b'@DivyankaJaan @trySUGAR @cool_bindra @Navyavegi @Officialy_Sana @Devangeenee @juhi_jaswal @Priyaavni1 @itsPriynkaM\xe2\x80\xa6 https://t.co/rTAjp6tMjH'
b'@trySUGAR \xf0\x9f\xa4\xa9 WOW THIS IS REALLY AMAZING GIVEAWAY THANK U SO MUCH DEAR TEAM FOR ORGANISING THIS AWESOME GIVEAWAY OPPO\xe2\x80\xa6 https://t.co/BrZ4Ggquea'
b'@trySUGAR Thanku so much @trySUGAR for this wonderful opportunity. \n\xf0\x9f\x92\x9b\xf0\x9f\xa7\xa1\xe2\x9d\xa4\xf0\x9f\x92\x99\xf0\x9f\x92\x9c\xf0\x9f\x92\x9b\xf0\x9f\xa7\xa1\xf0\x9f\x92\x99\xf0\x9f\x92\x9c\xf0\x9f\x92\x9b\nTagging \n@Manisha10832911 \n@gagan_response \n@DeeptiA14313430'
b'@trySUGAR Done\n\n#Diwali #Giveaways #GiveawayAlert #ContestAlert #Contest @trySUGAR\nJoin\n@chidambar08\xe2\x80\xa6 https://t.co/dl3sRcox3U'
b'@trySUGAR Thank you team for this wonderful opportunity @trySUGAR \xe2\x9c\xa8\xf0\x9f\x98\x8d\xf0\x9f\x92\xab\n\n#Diwali #Giveaways #GiveawayAlert\xe2\x80\xa6 https://t.co/v1yp5xGtMz'
b'@trySUGAR Done\n\n#Diwali #Giveaways #GiveawayAlert #ContestAlert #Contest @trySUGAR\nJoin\n@kusumsolanki17\n@GoldQueenie4\n@KDivya18740584'
b'@trySUGAR #Diwali \nFollowing  @trySUGAR\nJoin frnds\n@hey_its_amisha\n@KajolSaxena7\n@mysterioussu\n@gsrana4580\xe2\x80\xa6 https://t.co/sLyvwfi50m'
b'@trySUGAR Done @trySUGAR \n#Giveaways \n#GiveawayAlert #ContestAlert #ContestAlert \n\n@Gayathrimohan_ \n@Officialy_Sana\xe2\x80\xa6 https://t.co/Z3byARiF3n'
b'@trySUGAR All steps don my dear team \xf0\x9f\x8e\xaf\n\nWish to win dear team \xf0\x9f\x8e\xaf\n\n#Diwali  @trySUGAR\n#Giveaways #GiveawayAlert\xe2\x80\xa6 https://t.co/odSKohJbfZ'
b'@trySUGAR Happy Diwali dear team \nDone all steps\n#Diwali \n#Giveaways #GiveawayAlert #ContestAlert #Contest \nJoin:\xe2\x80\xa6 https://t.co/Bf5enm0o2X'
b'@DivyankaJaan @trySUGAR @cool_bindra @Navyavegi @Officialy_Sana @juhi_jaswal @Priyaavni1 @itsPriynkaM @gohelminakshi Follow before tag'
b'@trySUGAR Done \xe2\x9c\x94\xef\xb8\x8f \n\nParticipate my lovelies @harini_23 @DivyankaJaan @madhuchoudhary_'
b'@trySUGAR Join in beautiful ladies in the giveaway and win Beautiful cosmetics from @trySUGAR \n@cool_bindra\xe2\x80\xa6 https://t.co/ISdSmSv5KS'
b'@trySUGAR Following all the rules team with a wish to win \nJoin #Diwali Giveaway Alert @angeleyess4uin\xe2\x80\xa6 https://t.co/8g7mlBycKh'
b'@trySUGAR Done\n\n@trySUGAR \n#Diwali\xc2\xa0 #Giveaways #GiveawayAlert #ContestAlert #Contest\n\nTegging @Shailes31441206\xe2\x80\xa6 https://t.co/rrUzICj2ed'
b'@trySUGAR All steps don my dear team \xf0\x9f\x8e\xaf\n\nWish to win dear team \xf0\x9f\x8e\xaf\n\n#Diwali  @trySUGAR\n#Giveaways #GiveawayAlert\xe2\x80\xa6 https://t.co/mWR0A9U4CU'
b'@trySUGAR Done\n\n@trySUGAR \n#Diwali\xc2\xa0 #Giveaways #GiveawayAlert #ContestAlert #Contest\n\nJoin\n@montu13713\xe2\x80\xa6 https://t.co/Lhg3jYTFrS'
b'@trySUGAR @ItikaNaik10 Done!!!!\n\xf0\x9f\x91\x8d\xf0\x9f\x91\x8d\xe2\x9c\x8c\xf0\x9f\x91\x8d\xf0\x9f\x91\x8d\n\n#Diwali\n#Giveaways #GiveawayAlert #ContestAlert #Contest\n@trySUGAR \n\nJoin\xe2\x80\xa6 https://t.co/FMFuKGJmlz'
b'@trySUGAR Follow and Win SUGAR Goodies Guys So Participate in This Amazing Contest...\xf0\x9f\xaa\x94\xf0\x9f\xaa\x94\n\n#Giveaways #GiveawayAlert\xe2\x80\xa6 https://t.co/CUvvCdsIIw'
b'@trySUGAR Done\n\n#Diwali #Contest\n@trySUGAR\n\nTagging \n@aakash_beast786 \n@kaushik59956528 \n@vishal_vadoliya \n@khemka_nidhi'
"b'@trySUGAR @me_angel0802 All Steps done, team \n\nWish to win atleast once with you. \n\n@me_angel0802 @cbf158b83f234a9\xe2\x80\xa6 https://t.co/k7JKFvkMys'"
b'@trySUGAR Join @SayanC989 @SUBIRedm @babubeg1 #Diwali https://t.co/JnKmXZIjUr'
b'@trySUGAR \xf0\x9f\x9a\xa8 Amazing #Diwali Giveaway \xe2\x9c\xa8\n\nHappy Diwali Team\nAlready following @trySUGAR from ages.\n\nTagging\xe2\x80\xa6 https://t.co/va27VDvRRC'
"b'@trySUGAR All Steps done, team \n\nWish to win atleast once with you. @trySUGAR\n@MONA_VALLECHA\n@AnchalMoolchan3\xe2\x80\xa6 https://t.co/77ezIJ9j50'"
b'@trySUGAR Join\n@kumari_rma\n@ItikaNaik10\n@Sakshi_1494\n@Soumyyyya\n@KajolSaxena7\n@abha_mishra19\n\n@trySUGAR \n#Diwali\xe2\x80\xa6 https://t.co/YzJBueBWFs'
b'@trySUGAR Join-\n@pranali001 \n@Tazyfarzana99 \n@mayert_ashley'
b'@trySUGAR Woah \xf0\x9f\x98\x8d Amazing Giveaway from My Favourite @trySUGAR Big Wish to win \xf0\x9f\xa4\x9e\xf0\x9f\xa4\xa9\n\n#Giveaways #GiveawayAlert\xe2\x80\xa6 https://t.co/Sw3p1vgNKg'
b'@trySUGAR Happy Diwali dear team \xf0\x9f\x8e\x8a\xf0\x9f\x8e\x8a\nDone all steps \xe2\x9c\x85\n#Diwali\xc2\xa0 \n#Giveaways #GiveawayAlert #ContestAlert #Contest \nTa\xe2\x80\xa6 https://t.co/XzL2ZZkfye'
b'@trySUGAR Join in @mahekkki @mona_sensible @RoshniM79'
b'@trySUGAR Done \xe2\xad\x90\n#Diwali #Contest #GiveawayAlert #ContestAlert \n@trySUGAR\nJoin @GoldQueenie4 @Kinjal__01  @itspalak18'
"b'@trySUGAR \xe2\x9c\x85 All \xf0\x9f\x91\xa3 Done \xf0\x9f\x91\x8c\n\nFriends, do participate in this exciting giveaway.\n\n@cool_bindra\n@Navyavegi \n@ChilledSup\xe2\x80\xa6 https://t.co/ILPMhBxN88'"
b'@trySUGAR Done dear team\n\n@trySUGAR \n#Diwali #Giveaways #GiveawayAlert #ContestAlert #Contest\n\nJoin\n@porwal_sarika\xe2\x80\xa6 https://t.co/45K6Upumol'
b'@trySUGAR Done\n\n@trySUGAR \n#Diwali #Giveaways #GiveawayAlert #ContestAlert #Contest\n\nJoin\n@Vimla70460529\n@Nehathegreat1\n@Gayathrimohan_'
b'@trySUGAR Done! #Diwali #Contest @trySUGAR \nFollow and enter the giveaway.. \n@vibgyor70 \n@ur50nly \n@kalyani1167'
b'@trySUGAR @TheDataAnalyser Done team..\n\n@azimsha72364073\n@naughty_kanya\n@arshlan89552306\n@anwar_raiyan\n@adnan7668 \n@TheDataAnalyser'
b'@KaranBlessed @trySUGAR @Devangeenee @AaravS_cityx Thanks'
b'@trySUGAR Friends join\n@a0kash73 \n@03Aakansha \n@cp_0007 \n@diksha0708 \n@merinvarghs\n#Diwali\xc2\xa0@trySUGAR\n#Giveaways\xe2\x80\xa6 https://t.co/fwmdOupU5v'
b'@JulietSajeesh @trySUGAR @sourabhdas90 @Gopal29 @Mr_YashG @coolyash98 @ImNitinRoshan @_saycute @Swaty_Here good luck \xf0\x9f\x91\x8d\xe2\x98\xba'
b'@trySUGAR Happy deepawali \xf0\x9f\x92\x9e\xf0\x9f\x92\x9e\xf0\x9f\x92\x9e\n\n@trySUGAR \n#Giveaways #GiveawayAlert #ContestAlert #Contest #Diwali  \n\nTag\xe2\x80\xa6 https://t.co/kcWG90FOgz'
b'HAPPY DIWALI DEAR TEAM......\nTHANK YOU \xf0\x9f\x98\x8d SO MUCH DEAR \xf0\x9f\x91\x89 @trySUGAR  TEAM FOR AMAZING \xf0\x9f\x98\x8dGIVEAWAY\xe2\x80\xa6\xe2\x80\xa6\xe2\x80\xa6 \xf0\x9f\x91\x89HEY COME ON GUYS\xe2\x80\xa6 https://t.co/kudptAOXyY'
b'@trySUGAR HAPPY DIWALI DEAR TEAM......\nTHANK YOU \xf0\x9f\x98\x8d SO MUCH DEAR \xf0\x9f\x91\x89 @trySUGAR  TEAM FOR AMAZING \xf0\x9f\x98\x8dGIVEAWAY\xe2\x80\xa6\xe2\x80\xa6\xe2\x80\xa6 \xf0\x9f\x91\x89HEY COM\xe2\x80\xa6 https://t.co/f4VuGvbjWf'
b'@trySUGAR Done\n\n@trySUGAR \n#Diwali #Giveaways #GiveawayAlert #ContestAlert #Contest\n\nJoin\n@Prachii10 \n@misty_basu \n@Navyavegi'
"b'@trySUGAR All Steps done.\n\nFriends, do participate in this exciting giveaway.\n\n@godsowntalk\n@dayalojha_\xe2\x80\xa6 https://t.co/L3kNr6ZnNs'"
b'@abha_mishra19 @trySUGAR Thanks ji'
b'DONE\n\n@trySUGAR \n#Diwali #Giveaways #GiveawayAlert #ContestAlert #Contest https://t.co/WVz8Gmlkvf'
b'@trySUGAR DONE \xe2\x9c\x85\n\nWish to win \xf0\x9f\xa4\x9e\xe2\x9d\xa4\xef\xb8\x8f\n\n@trySUGAR \n#Diwali #Giveaways #GiveawayAlert #ContestAlert #Contest\n\nJoin:-\xe2\x80\xa6 https://t.co/TyGpjDlBuG'
b'@trySUGAR Done\n\n@trySUGAR \n#Diwali\xc2\xa0 #Giveaways #GiveawayAlert #ContestAlert #Contest\n\nTagging \xf0\x9f\x92\xa0@Ruchikajain89\xe2\x80\xa6 https://t.co/yETyd2Nimj'
b'@trySUGAR All Steps done.\n\n@ShitalASawant\n@Cool_bindra\n@abha_mishra19\n\n#Diwali @trySUGAR\n#Giveaways #GiveawayAlert #ContestAlert #Contest'
b'@trySUGAR All steps done team @CHUNMUN143 @prateekfrequent @Nitinpanchal007 @kcnitish @AnitaPanchal123\xe2\x80\xa6 https://t.co/NEUOi6LFH8'
b'@trySUGAR Join! \n@Bkumar017\n@Neelam22430375\n@piyushpuri12 @VHetal\n@cool_bindra @trySUGAR \n#Diwali \n#Giveaways\xe2\x80\xa6 https://t.co/w7LMA6ir5h'
b'@trySUGAR Thank you so much \xf0\x9f\xa5\xba\xe2\x9d\xa3\xef\xb8\x8f'
b'@trySUGAR Done\xf0\x9f\x91\x8d\xf0\x9f\x8f\xbb\nAwesome and amazing giveaway\xf0\x9f\xa4\xa9\xf0\x9f\xa5\xb0\nWish to win\xf0\x9f\xa5\xb3\xf0\x9f\x8e\x89\n#Diwali #Giveaways #GiveawayAlert #ContestAlert\xe2\x80\xa6 https://t.co/pv00dfqPln'
b'@trySUGAR Follow @trySUGAR to win 1k\n#Giveaways #GiveawayAlert #ContestAlert #Contest #Diwali \nTag\n@Man1shRox\xe2\x80\xa6 https://t.co/jr2x1GObnt'
b'@trySUGAR Done \n\n@monikakhudan123 @taruns642 @jyoti_agarwa'
b'@Officialy_Sana @trySUGAR @Devangeenee @AaravS_cityx good luck \xf0\x9f\xa5\xb3\xf0\x9f\xa5\xb3'
b'@trySUGAR Join! \n@GadiyarSumana \n@itsPriynkaM \n@_snehamumbai \n\n@trySUGAR \n#Diwali \n#Giveaways #GiveawayAlert #ContestAlert #Contest'
b'@trySUGAR #GiveawayAlert #diwali\n@trySUGAR #Giveaways \nAll rule done \xe2\x9c\x85\n@__itz_kashish__ \n@AishwaryaWank12 \n@geetakmakeup'
b'@trySUGAR Happy Diwali dear team \nDone all steps\n#Diwali\xc2\xa0 \n#Giveaways #GiveawayAlert #ContestAlert #Contest \nTag\xe2\x80\xa6 https://t.co/pGQ1k7pD1j'
b'@Devangeenee @trySUGAR @GeeknGlam @Officialy_Sana @Star_roseR @mysterioussu @Aishhwaryaa1 \xf0\x9f\xa5\xb3 Thanks Dear \xe2\x98\xba\xef\xb8\x8f'
b'@trySUGAR \xe2\x9c\x85 Thanks a lot @trySUGAR \xe2\x9d\xa4 for this amazing contest \n\n\xe2\x9c\x85 Following on all platforms \xf0\x9f\x99\x8f\n\n\xe2\x9c\x85 Liked and shared\xe2\x80\xa6 https://t.co/Ce7WlPE5t9'
"b'@trySUGAR All Steps done, team \n\nWish to win atleast once with you. \n\n@Cutiepie_Angel2\n@RajeshHegdeBlr\xe2\x80\xa6 https://t.co/EdYnL2R6oi'"
b'@trySUGAR Happy Diwali dear team \nDone all steps\n#Diwali \n#Giveaways #GiveawayAlert #ContestAlert #Contest \nTag\xe2\x80\xa6 https://t.co/0Hxz36wwOX'
b'@trySUGAR Already following @trySUGAR \xf0\x9f\x98\x8d\nTagging\n@Tuaa74 @jashj007 @UrvashiTirkey \n\n#Diwali\n#Giveaways\xe2\x80\xa6 https://t.co/6nkDZk7bbc'
"b'@trySUGAR All Steps done.\n\nFriends, please participate in this exciting giveaway.\n\n@VaishaliMaisur2\n@MadhviHanda\xe2\x80\xa6 https://t.co/itrnb0G4Zc'"
b'@trySUGAR Done \xf0\x9f\x8c\x88\n#Diwali #Contest #GiveawayAlert #ContestAlert \n@trySUGAR\nJoin @GoldQueenie4 @PoojaChouhan22\xe2\x80\xa6 https://t.co/bo6OVE60hl'
"b'@trySUGAR All Steps done.\n\nFriends, do participate in this exciting giveaway.\n\n@godsowntalk\n@dayalojha_\xe2\x80\xa6 https://t.co/phDmo184LA'"
b'@trySUGAR Happy Diwali dear team \nDone all steps\n#Diwali \n#Giveaways #GiveawayAlert #ContestAlert #Contest \nTag\xe2\x80\xa6 https://t.co/plnQ3a1RnX'
"b'@trySUGAR All Steps done.\n\nFriends, please participate in this exciting giveaway.\n\n@itsPriynkaM \n@Sheetal155\xe2\x80\xa6 https://t.co/AuacEOSGJE'"
b'@trySUGAR @AwasthiGarima1 @UmangSub @priyankapaliwa1 biggest wish to win\xe2\x9d\xa4\xe2\x9d\xa4 @trySUGAR'
b'@trySUGAR @TheDataAnalyser Happy Diwali dear team \nDone all steps\n#Diwali \n#Giveaways #GiveawayAlert #ContestAlert\xe2\x80\xa6 https://t.co/V5FI6V4fUd'
b'@trySUGAR Done \xf0\x9f\x8c\x88\n#Diwali #Contest #GiveawayAlert #ContestAlert \n@trySUGAR\nJoin @GoldQueenie4 @PoojaChouhan22 @itspalak18'
b'@trySUGAR Happy Diwali dear team \nDone all steps\n#Diwali \n#Giveaways #GiveawayAlert #ContestAlert #Contest \nTag\xe2\x80\xa6 https://t.co/JrPDCLOf3E'
b'@trySUGAR Done all steps team\n\nThank you for arranging this amazing contest\n\xe2\x9d\xa4\xef\xb8\x8f\xe2\x9d\xa4\xef\xb8\x8f\xe2\x9d\xa4\xef\xb8\x8f\n\nBig wish to win\n\nTagging\xe2\x80\xa6 https://t.co/u16OJkRykT'
b'@trySUGAR Hurry Friends follow and win SUGAR goodies worth INR 1K\n\n#Giveaways #GiveawayAlert #ContestAlert #Contest\xe2\x80\xa6 https://t.co/S97gg7Zc0j'
b'@trySUGAR Hurry Friends follow and win SUGAR goodies worth INR 1K\n\n#Giveaways #GiveawayAlert  #Contest #Diwali\xe2\x80\xa6 https://t.co/qCIto7d5Ht'
b'@trySUGAR Hurry Friends follow and win SUGAR goodies worth INR 1K\n\n#Giveaways #GiveawayAlert #ContestAlert #Contest\xe2\x80\xa6 https://t.co/xwQFTISHao'
b'@trySUGAR Hurry Friends follow and win SUGAR goodies worth INR 1K\n\n#Giveaways #GiveawayAlert #Contest #Contest\xe2\x80\xa6 https://t.co/Y4T5ARWJjc'
"b""@trySUGAR OMG!!! Such an amazing #Diwali Giveaway\n\nC'mon friends follow @trySUGAR &amp; join in\n@Kavita_1907\xe2\x80\xa6 https://t.co/P0k0pSTnqU"""
b'@trySUGAR Superfestive Diwali Treats \n\xe2\x9c\xa8\xf0\x9f\x8c\x9f\xf0\x9f\x94\xa5#Giveaway Thanks team SUGAR for this much needed super festive giveaway \xf0\x9f\x8e\x87\xf0\x9f\x8e\x8b\xe2\x80\xa6 https://t.co/um6Ow9y492'
b'@trySUGAR follow and win SUGAR goodies \xf0\x9f\x91\x8d\xf0\x9f\xaa\x94\n\n#Giveaways #GiveawayAlert #ContestAlert #Contest #Diwali  \nTag\xe2\x80\xa6 https://t.co/WcUVqqdaoq'
b'@trySUGAR Done team....a great way to celebrate Diwali... \n\n#Giveaways #GiveawayAlert #ContestAlert #Contest\xe2\x80\xa6 https://t.co/JkmJZSjWhc'
b'@trySUGAR Follow and win SUGAR Goodies My Friends..\xf0\x9f\xaa\x94\xf0\x9f\xaa\x94\n\n#Giveaways #GiveawayAlert #ContestAlert #Contest #Diwali\xe2\x80\xa6 https://t.co/0F6ZRyQ98B'
"b'@trySUGAR Happy Diwali \xf0\x9f\x8c\x9f \xf0\x9f\x92\x84 \xf0\x9f\x92\x85 @trySUGAR \nFollowing all steps \xf0\x9f\x91\x8d\nNever win with u,wish this i win with u \xf0\x9f\xa4\xa9\xe2\x80\xa6 https://t.co/J7sEOT5oTB'"
b'@trySUGAR All Steps Done \xe2\x9c\x94\xef\xb8\x8f\n\n#Diwali #DiwaliGiveaway #DiwaliContest #Giveaways #GiveawayAlert #ContestAlert\xe2\x80\xa6 https://t.co/zD3RbkH6YD'
b'@trySUGAR Follow and win SUGAR Goodies My Friends..\xf0\x9f\xaa\x94\xf0\x9f\xaa\x94\n\n#Giveaways #GiveawayAlert #ContestAlert #Contest #Diwali\xe2\x80\xa6 https://t.co/P4Z6iwg37P'
b'@trySUGAR Guy follow and win SUGAR goodies worth INR 1K\n\n#Giveaways #GiveawayAlert #ContestAlert #Contest #Diwali\xe2\x80\xa6 https://t.co/1G69yUZQ0b'
b'@trySUGAR Guy follow and win SUGAR goodies worth INR 1K\n\n#Giveaways #GiveawayAlert #ContestAlert #Contest #Diwali\xe2\x80\xa6 https://t.co/lses5Z0WG9'
b'@trySUGAR Done all steps\n#Diwali \n#Giveaways #GiveawayAlert #ContestAlert #Contest \nTag \n@KaranSoni777\xe2\x80\xa6 https://t.co/ncRVpVrepg'
b'Happy Diwali dear team \nDone all steps\n#Diwali \n#Giveaways #GiveawayAlert #ContestAlert #Contest \nTag\xe2\x80\xa6 https://t.co/FvDkfjvjmP'
b'@trySUGAR @HarshKasana19 Happy Diwali dear team \nDone all steps\n#Diwali \n#Giveaways #GiveawayAlert #ContestAlert\xe2\x80\xa6 https://t.co/kcGXOhnfI0'
b'@ChilledSup @trySUGAR @GeeknGlam @Officialy_Sana @Star_roseR @mysterioussu @Aishhwaryaa1 Wish you the same \xe2\x98\xba\xef\xb8\x8f'
b'@Devangeenee @trySUGAR @GeeknGlam @Officialy_Sana @Star_roseR @mysterioussu @Aishhwaryaa1 Good luck \xf0\x9f\xa4\x9e'
b'@trySUGAR Done\n\n#Diwali #Contest\n@trySUGAR\n\nTagging\n@Kinjal__01\n@Meenusettu \n@Nehathegreat1'
"b""@trySUGAR \xe2\x9d\x80\xe2\x9c\xbf \xf0\x9d\x95\x8b\xf0\x9d\x95\x99\xf0\x9d\x95\x92\xf0\x9d\x95\x9f\xf0\x9d\x95\x9c \xf0\x9d\x95\xaa\xf0\x9d\x95\xa0\xf0\x9d\x95\xa6 \xf0\x9d\x95\xa4\xf0\x9d\x95\xa0 \xf0\x9d\x95\x9e\xf0\x9d\x95\xa6\xf0\x9d\x95\x94\xf0\x9d\x95\x99 \xf0\x9d\x94\xbb\xf0\x9d\x95\x96\xf0\x9d\x95\x92\xf0\x9d\x95\xa3 \xf0\x9d\x95\x8b\xf0\x9d\x95\x96\xf0\x9d\x95\x92\xf0\x9d\x95\x9e \xf0\x9d\x95\x97\xf0\x9d\x95\xa0\xf0\x9d\x95\xa3 \xf0\x9d\x95\x86\xf0\x9d\x95\xa3\xf0\x9d\x95\x98\xf0\x9d\x95\x92\xf0\x9d\x95\x9f\xf0\x9d\x95\x9a\xf0\x9d\x95\xab\xf0\x9d\x95\x9a\xf0\x9d\x95\x9f\xf0\x9d\x95\x98 \xf0\x9d\x95\x92\xf0\x9d\x95\x9f \xf0\x9d\x95\x93\xf0\x9d\x95\x96\xf0\x9d\x95\x92\xf0\x9d\x95\xa6\xf0\x9d\x95\xa5\xf0\x9d\x95\x9a\xf0\x9d\x95\x97\xf0\x9d\x95\xa6\xf0\x9d\x95\x9d \xe2\x84\x82\xf0\x9d\x95\xa0\xf0\x9d\x95\x9f\xf0\x9d\x95\xa5\xf0\x9d\x95\x96\xf0\x9d\x95\xa4\xf0\x9d\x95\xa5 \xe2\x9c\xbf\xe2\x9d\x80\n\n(\xe3\x81\xa3\xe2\x97\x95\xe2\x80\xbf\xe2\x97\x95)\xe3\x81\xa3 finger crossed \xe2\x99\xa5\n\n\xf0\x9f\x98\x8d \xf0\x9d\x90\xb7\xf0\x9d\x91\x9c\xf0\x9d\x91\x9b'\xf0\x9d\x91\xa1\xe2\x80\xa6 https://t.co/zC4b935ix4"""
b'@trySUGAR Done all steps \xe2\x9c\x85\xe2\x9c\x85\xf0\x9f\x91\x8d\n\n@trySUGAR \n#Diwali #Giveaways #GiveawayAlert #ContestAlert #Contest\n\nJoin this amazin\xe2\x80\xa6 https://t.co/cPZ8huiYUq'
b'@trySUGAR Done\n\n@trySUGAR \n#Diwali #Giveaways #GiveawayAlert #ContestAlert #Contest\n\nJoin\n@shrmsneh \n@itspalak18\xe2\x80\xa6 https://t.co/ROYJgVpGzM'
b'@trySUGAR All steps don my dear team \xf0\x9f\x8e\xaf\n\nWish to win dear team \xf0\x9f\x8e\xaf\n\n#Diwali  @trySUGAR\n#Giveaways #GiveawayAlert\xe2\x80\xa6 https://t.co/wZOqBDZw02'
b'@trySUGAR Hurry Friends follow and win SUGAR goodies worth INR 1K\n\n#Giveaways #GiveawayAlert  #Contest #Diwali\xe2\x80\xa6 https://t.co/XDuNEjw84B'
b'@trySUGAR Hurry Friends follow and win SUGAR goodies worth INR 1K\n\n#Giveaways #GiveawayAlert #ContestAlert #Contest\xe2\x80\xa6 https://t.co/HTZ7xA5sxx'
b'@trySUGAR Hurry Friends follow and win SUGAR goodies worth INR 1K\n\n#Giveaways #GiveawayAlert #ContestAlert #Contest\xe2\x80\xa6 https://t.co/xecxn3V4qL'
b'@trySUGAR Hurry Friends follow and win SUGAR goodies worth INR 1K\n\n#Giveaways #GiveawayAlert #ContestAlert #Contest\xe2\x80\xa6 https://t.co/wXttMo6Ls3'
b'@trySUGAR Hurry Friends follow and win SUGAR goodies worth INR 1K\n\n#Giveaways #GiveawayAlert #ContestAlert #Contest\xe2\x80\xa6 https://t.co/HIk107Rlov'
b'@trySUGAR Hurry Friends follow and win SUGAR goodies worth INR 1K\n\n#Giveaways #GiveawayAlert #ContestAlert #Contest\xe2\x80\xa6 https://t.co/x5qRfJqamY'
b'@trySUGAR Hurry Friends follow and win SUGAR goodies worth INR 1K\n\n#Giveaways #GiveawayAlert #ContestAlert #Contest\xe2\x80\xa6 https://t.co/WW06SeBAhI'
b'@trySUGAR Hurry Friends follow and win SUGAR goodies worth INR 1K\n\n#Giveaways #GiveawayAlert #ContestAlert #Contest\xe2\x80\xa6 https://t.co/rDqTuEln0w'
b'@trySUGAR follow and win SUGAR goodies \xf0\x9f\x91\x8d\xf0\x9f\xaa\x94\n\n#Giveaways #GiveawayAlert #ContestAlert #Contest #Diwali  \nTag\xe2\x80\xa6 https://t.co/kUFnRLNcKn'
b'@trySUGAR @MollaNew Hurry Friends follow and win SUGAR goodies worth INR 1K\n\n#Giveaways #GiveawayAlert #ContestAlert #Contest #Diwali'
b'\xf0\x9d\x91\xab\xf0\x9d\x92\x90\xf0\x9d\x92\x8f\xf0\x9d\x92\x86 \xf0\x9d\x91\xa8\xf0\x9d\x92\x8d\xf0\x9d\x92\x8d \xf0\x9d\x91\xba\xf0\x9d\x92\x95\xf0\x9d\x92\x86\xf0\x9d\x92\x91\xf0\x9d\x92\x94\xe2\x9d\xa4\xef\xb8\x8f\nThank u so MUCH Team for Organizing an AWESOME &amp; A Fabulous Contest\xf0\x9f\x92\x90\xe2\x9d\xa4\xf0\x9f\x99\x8f\xf0\x9f\x99\x8c\n #Diwali\n#Giveaways\xe2\x80\xa6 https://t.co/Ea0m9nF7CJ'
b'@trySUGAR \xf0\x9d\x91\xab\xf0\x9d\x92\x90\xf0\x9d\x92\x8f\xf0\x9d\x92\x86 \xf0\x9d\x91\xa8\xf0\x9d\x92\x8d\xf0\x9d\x92\x8d \xf0\x9d\x91\xba\xf0\x9d\x92\x95\xf0\x9d\x92\x86\xf0\x9d\x92\x91\xf0\x9d\x92\x94\xe2\x9d\xa4\xef\xb8\x8f\n\xf0\x9d\x93\x95\xf0\x9d\x93\xb2\xf0\x9d\x93\xb7\xf0\x9d\x93\xb0\xf0\x9d\x93\xae\xf0\x9d\x93\xbb\xf0\x9d\x93\xbc \xf0\x9d\x93\xaa\xf0\x9d\x93\xbb\xf0\x9d\x93\xae \xf0\x9d\x93\xbd\xf0\x9d\x93\xb2\xf0\x9d\x93\xb0\xf0\x9d\x93\xb1\xf0\x9d\x93\xbd\xf0\x9d\x93\xb5\xf0\x9d\x94\x82 \xf0\x9d\x93\xac\xf0\x9d\x93\xbb\xf0\x9d\x93\xb8\xf0\x9d\x93\xbc\xf0\x9d\x93\xbc\xf0\x9d\x93\xae\xf0\x9d\x93\xad \xf0\x9f\x98\x8d\nThank u so MUCH Team for Organizing an AWESOME &amp; A Fabulou\xe2\x80\xa6 https://t.co/EKHBNGEsnu'
b'Guy follow and win SUGAR goodies worth INR 1K\n\n#Giveaways #GiveawayAlert #ContestAlert #Contest #Diwali\xe2\x80\xa6 https://t.co/auWZC50Twd'
b'@trySUGAR Guy follow and win SUGAR goodies worth INR 1K\n\n#Giveaways #GiveawayAlert #ContestAlert #Contest #Diwali\xe2\x80\xa6 https://t.co/m5lawRtTLX'
b'@trySUGAR Happy Diwali dear team \nDone all steps\n#Diwali \n#Giveaways #GiveawayAlert #ContestAlert #Contest \nTag\xe2\x80\xa6 https://t.co/1fokKS8dwb'
b'@trySUGAR Guy follow and win SUGAR goodies worth INR 1K\n\n#Giveaways #GiveawayAlert #ContestAlert #Contest #Diwali j\xe2\x80\xa6 https://t.co/26Uvh720Ne'
b'@trySUGAR Guy follow and win SUGAR goodies worth INR 1K\n\n#Giveaways #GiveawayAlert #ContestAlert #Contest #Diwali\xe2\x80\xa6 https://t.co/uBF8Dc67Bp'
b'@trySUGAR Guy follow and win SUGAR goodies worth INR 1K\n\n#Giveaways #GiveawayAlert #ContestAlert #Contest #Diwali\xe2\x80\xa6 https://t.co/TwspY93rFy'
b'@trySUGAR Done all steps \xf0\x9f\x92\x9d\n\n#Diwali #Contest \nJoin\n@Devangeenee\n@Aishwarya_NK \n@PyaariIindu https://t.co/RKPdmPQVJw'
"b'@its_kashuz Hey Kashish! We are overwhelmed with your love, this certainly made our day! We are lucky to have a cus\xe2\x80\xa6 https://t.co/AfiTshZJTK'"
"b'Find out in Episode 4 of Girliyapa &amp; @WhisperIndia Present, INTERNS SEASON 2, Powered By @philipsindia | @trySUGAR\xe2\x80\xa6 https://t.co/X72tHd3K46'"
b'Secret revealed\xe2\x9d\x97\xef\xb8\x8f\nGet @taapsee\xe2\x80\x99s glowy look with just 5 products! Recreate now and tag us in your photos! \xf0\x9f\xa4\xa9\n.\xe2\x80\xa6 https://t.co/LJedi7TRB9'
b'Practice makes perfect! \xf0\x9f\x92\xaf\nMake your eyeliner game strong with SUGAR Born To Wing Gel Eyeliner \xe2\x9c\xa8\n\nBooking link:\xe2\x80\xa6 https://t.co/hwzSIVVEhR'
b'DIWALI MAKEUP WITH SUGAR COSMETICS II #giftaSugarCosmetics https://t.co/JsJys6RBsS @trySUGAR https://t.co/JyfpTDiDd4'
b'@taapsee &amp; SUGAR wishes you all a very Happy &amp; a safe Diwali. Hope this festival brings hope &amp; joy to everyone\xe2\x80\x99s li\xe2\x80\xa6 https://t.co/gg1dN3VRtz'
b'@trySUGAR Happy diwali to sugar team \xf0\x9f\x98\x8d\xe2\x9d\xa3\xef\xb8\x8f may this brand gets more and more popularity \xe2\x9d\xa4\xef\xb8\x8f and reach it actually dese\xe2\x80\xa6 https://t.co/hYmuU9IO8o'
b'@trySUGAR Wish you a happy and blessed Diwali team. \xf0\x9f\x99\x8f'
b'May this Diwali be filled with all things sparkling and sweet! Wishing everyone a very Happy Diwali \xf0\x9f\xaa\x94 \xe2\x9c\xa8\n.\n#Diwali\xe2\x80\xa6 https://t.co/bBYrPMe7h7'
"b'A CAT-EYE so perfect, it makes us go \xe2\x80\x9cAre you kitten me?\xe2\x80\x9d \xf0\x9f\x98\xbb\n\nGrab SUGAR Born To Wing Gel Eyeliner in the shade of y\xe2\x80\xa6 https://t.co/mE52kcP3xR'"
"b'@JAYABHA04308719 Hey Jaya! Thank you for taking the time to speak with us over the phone. Rest assured, we are clos\xe2\x80\xa6 https://t.co/CWNTFKDQxU'"
"b'#NovemberFabBag Sneak Peek #1 - Make way, ladies - the saviour for all your winged-eye woes is here! \xf0\x9f\x94\xa5\n\nGrab SUGAR\xe2\x80\xa6 https://t.co/XjDX0ZhP4l'"
b'@trySUGAR So True\xf0\x9f\x98\x87'
b'@trySUGAR \xf0\x9f\xa4\xa3\xf0\x9f\x98\x82 Never'
b'@trySUGAR Super Excited for the new product of Sugar\xe2\x9d\xa4\xef\xb8\x8f\xf0\x9f\x92\x97'
b'@bomanirani @iranimovietone @taapsee @trySUGAR @labhye @kayoze @miteshdop @AdityaKanwarPD @Daneshirani rrjayrathod@\xe2\x80\xa6 https://t.co/qmtm9gMpV2'
b'@trySUGAR Absolutely right \xf0\x9f\x92\xaf'
"b""To anyone who needs to hear this - Be your own person, you're enough. \xe2\x9d\xa4\xef\xb8\x8f"""
b'@trySUGAR worst experience I have with Sugar Cosmetics as whenever I ordered something it always takes a lot time..\xe2\x80\xa6 https://t.co/6JRONbYeNp'
"b""@trySUGAR Thanks for this tips \xf0\x9f\x98\x8d it's very helpful for me \xf0\x9f\x92\x9d I love your tips, hacks which you post in youtube, twit\xe2\x80\xa6 https://t.co/L8LSNsk50S"""
b'@trySUGAR Congratulations sugar for your new launch \xf0\x9f\x8e\x89\xf0\x9f\x98\x8d excited for this \xf0\x9f\x98\x8d\xe2\x9d\xa3\xef\xb8\x8f I will definitely try it\xf0\x9f\x98\x8d Sugar your  p\xe2\x80\xa6 https://t.co/LjkyDJA6DH'
"b'\xf0\x9f\x98\x8dNew Launch Alert\xf0\x9f\x98\x8d\n\nScore the ultimate brow goals with Arch Arrival Brow Pen! Built for precision, the unique slim\xe2\x80\xa6 https://t.co/sErMM3GZUI'"
b'When it is finally time to wear the #Diwali look you have been planning for weeks!\xf0\x9f\x98\x8d https://t.co/b5GFz653pw'
b'Still searching for the right nude colour?\xf0\x9f\x92\x84\nHere\xe2\x80\x99s an ideal nude lipstick guide for every skin tone.\xf0\x9f\x92\x8b\xe2\x9d\xa4\xef\xb8\x8f\n\n#TrySUGAR\xe2\x80\xa6 https://t.co/AigcXxC9EG'
b'Good Glamm Group bags $150 million funding at $1.2 billion valuation #Funding #GoodGlammGroup #D2c #Myglamm #Popxo\xe2\x80\xa6 https://t.co/4DYtKIRX8F'
b'\xf0\x9f\xa4\xa9NEW PRODUCT DROP!\xf0\x9f\xa4\xa9\nWatch Double Date Extreme Volume Mascara Duo in action as it lifts &amp; lengthens lashes for EXTRE\xe2\x80\xa6 https://t.co/eEDYPx4ifV'
"b'\xf0\x9f\x9a\xa8 New launch alert \xf0\x9f\x9a\xa8\n\nIntroducing the Double Date Extreme Volume Mascara! \xf0\x9f\x98\x8dIt gives you super-defined, dramatic eye\xe2\x80\xa6 https://t.co/00qmjkssQl'"
b'Sugarcosmetics \xe2\x80\x93 Get Triple Tyohaar! Pick 3 SUGAR products for\xc2\xa0Rs1299 https://t.co/hYMycPQ7lI'
b'Your ultimate beginners guide to choose right brushes for the right application\xe2\x9c\xa8\n\n#TrySUGAR #SUGARCosmetics\xe2\x80\xa6 https://t.co/aV71HCNeMN'
b'Easy &amp; effortless makeup application guide! \xf0\x9f\x98\x8d\n\n#TrySUGAR #SUGARCosmetics #LearnWithSUGAR #MakeupTips #MakeupHacks https://t.co/oRijFWX66v'
b'Follow the right order to get the perfect makeup look \xf0\x9f\x98\x8d\n.\n#TrySUGAR #SUGARCosmetics #LearnWithSUGAR\xe2\x80\xa6 https://t.co/TkVlHr5dS4'
b'Secret revealed\xe2\x9d\x97\xef\xb8\x8f\nGet @taapsee\xe2\x80\x99s glowy look with just 5 products! Recreate now and tag us in your photos! \xf0\x9f\xa4\xa9\n.\xe2\x80\xa6 https://t.co/LJedi7TRB9'
b'Hey! I have got some awesome news for you! Use this link to get 50% off on your first order via the SUGAR Cosmetics\xe2\x80\xa6 https://t.co/zzHSjnZH2Z'
"b'\xf0\x9f\x98\x8dNew Launch Alert\xf0\x9f\x98\x8d\n\nScore the ultimate brow goals with Arch Arrival Brow Pen! Built for precision, the unique slim\xe2\x80\xa6 https://t.co/sErMM3GZUI'"
